{"cameraMode":{"drawMode":0,"name":"Shaded","section":"Shading Mode"},"sceneLighting":true,"audioPlay":false,"sceneViewState":{"showFog":true,"showMaterialUpdate":false,"showSkybox":true,"showFlares":true,"showImageEffects":true,"showParticleSystems":true},"in2DMode":false,"pivot":{"x":7.532314300537109,"y":2.2830681800842287,"z":-6.031227111816406},"rotation":{"x":-0.025890160351991655,"y":0.9689753651618958,"z":-0.1156684160232544,"w":-0.21688394248485566},"size":25.801939010620118,"orthographic":false}